NNxyz,NNxy,NNxz,NNyz,MultiNomial,TrueVals,testIndices
1,1,4,1,8,0,8
0,1,0,14,7,0,9
0,0,0,3,0,0,10
3,0,7,3,0,0,15
0,0,0,0,0,0,18
0,1,0,0,6,0,25
0,1,3,0,0,0,28
4,4,4,4,7,0,30
0,1,3,0,3,0,35
3,4,9,0,9,0,39
0,0,0,0,0,0,42
3,0,9,4,9,0,45
3,0,0,3,0,0,49
0,0,0,0,1,0,51
0,0,0,0,0,0,52
1,2,6,1,3,0,54
0,1,0,0,0,0,56
10,11,10,8,11,0,84
3,0,0,4,7,0,87
0,2,0,4,1,0,97
3,5,14,14,8,1,104
1,1,5,1,1,1,109
1,1,1,1,1,1,118
1,2,1,1,1,1,125
1,2,1,1,1,1,126
1,2,4,1,1,1,141
1,1,1,1,0,1,143
1,2,8,1,7,1,148
1,1,1,1,2,1,151
1,2,4,1,1,1,157
0,1,4,1,1,1,165
1,1,4,1,1,1,170
1,1,4,4,1,1,171
1,2,4,1,3,1,173
1,1,4,1,4,1,175
0,1,0,0,0,1,176
0,5,5,4,8,1,188
1,1,4,1,1,1,191
1,1,1,1,1,1,194
4,1,1,4,1,1,198
2,2,2,2,2,2,204
1,1,1,1,5,2,205
1,1,2,2,2,2,213
5,1,5,5,2,2,218
2,2,2,2,2,2,225
2,2,2,2,2,2,226
2,2,2,2,2,2,227
1,2,1,2,5,2,239
2,2,1,2,1,2,242
2,2,2,2,2,2,243
2,2,11,2,5,2,248
2,1,2,2,2,2,261
1,1,2,2,2,2,273
2,1,5,2,5,2,274
1,2,4,1,1,2,278
2,1,5,2,1,2,279
2,1,2,2,2,2,284
2,1,2,2,2,2,295
2,2,1,2,2,2,296
2,2,2,2,2,2,297
9,5,9,7,7,3,301
6,0,9,13,4,3,308
3,0,6,3,0,3,310
6,0,3,15,0,3,317
3,0,0,6,0,3,319
3,1,4,4,0,3,321
0,1,0,0,0,3,322
6,1,9,0,6,3,324
3,0,0,0,0,3,325
6,1,3,0,3,3,329
6,0,3,12,6,3,332
15,0,9,3,9,3,339
3,0,9,0,6,3,347
6,1,0,0,0,3,361
3,0,3,0,6,3,362
0,4,3,0,6,3,372
3,0,3,0,0,3,376
3,7,10,1,10,3,380
3,5,7,4,0,3,381
0,1,6,0,0,3,391
1,1,4,1,1,4,402
4,0,4,1,1,4,410
1,5,7,1,1,4,413
15,4,12,15,4,4,416
3,4,7,4,1,4,417
1,1,4,1,1,4,419
4,4,5,14,5,4,421
4,1,4,4,4,4,426
3,5,7,4,0,4,438
0,1,7,4,1,4,457
4,5,7,4,4,4,475
0,5,7,4,0,4,476
1,5,7,4,4,4,477
0,1,4,4,7,4,484
7,5,11,11,8,4,485
8,8,14,4,8,4,487
1,1,4,4,11,4,488
1,5,7,1,4,4,494
0,5,0,4,4,4,496
6,7,7,4,4,4,499
4,5,4,4,1,5,502
2,2,1,1,5,5,503
8,1,5,5,5,5,519
2,2,5,2,8,5,525
1,5,8,4,1,5,526
8,5,8,8,8,5,528
8,5,11,5,8,5,531
1,1,5,2,2,5,542
2,1,5,2,5,5,543
5,5,11,2,8,5,546
5,1,8,1,1,5,549
2,2,5,2,5,5,556
2,1,5,2,5,5,561
5,2,8,2,5,5,564
4,4,7,4,5,5,567
2,5,5,2,1,5,579
5,8,2,8,2,5,587
1,1,1,2,5,5,591
1,2,5,2,2,5,596
5,2,4,2,2,5,599
15,0,9,14,0,6,607
15,0,9,15,3,6,610
9,1,9,9,9,6,621
9,12,7,12,9,6,622
9,12,9,9,12,6,634
0,1,3,0,6,6,637
9,11,9,6,12,6,638
9,3,9,0,6,6,645
9,3,9,9,15,6,646
6,0,9,9,15,6,649
6,7,9,9,15,6,655
6,7,6,6,6,6,658
15,12,9,13,9,6,667
6,8,12,3,6,6,674
3,4,9,0,9,6,675
9,0,3,9,15,6,679
6,8,7,4,8,6,681
9,3,7,13,7,6,690
6,7,9,3,6,6,694
6,6,9,13,3,6,698
6,5,7,7,0,7,702
0,2,9,0,4,7,703
8,8,11,8,8,7,705
6,5,4,11,5,7,709
11,4,8,14,4,7,721
3,0,4,4,4,7,728
6,7,10,7,7,7,730
9,0,9,12,9,7,739
11,0,11,4,11,7,740
3,4,11,4,7,7,743
6,8,10,4,7,7,751
6,7,7,4,7,7,760
6,7,10,13,6,7,767
7,5,7,4,7,7,771
6,9,7,10,9,7,776
6,8,10,4,8,7,779
9,8,14,14,11,7,782
9,4,10,0,7,7,793
6,11,10,0,10,7,796
6,9,10,13,7,7,799
8,5,8,5,5,8,805
5,5,1,5,5,8,808
8,4,8,5,8,8,817
8,11,5,14,5,8,823
11,11,11,14,14,8,830
7,8,11,14,8,8,832
6,7,11,1,7,8,834
10,4,11,1,7,8,835
7,4,11,5,10,8,838
4,5,8,4,8,8,844
4,4,8,4,4,8,846
4,4,8,1,8,8,852
8,8,11,1,8,8,863
10,7,11,4,8,8,869
8,8,7,11,10,8,871
11,5,8,11,7,8,877
8,5,8,8,7,8,879
8,8,11,14,5,8,890
5,5,5,2,5,8,891
8,5,4,5,1,8,892
3,4,9,4,7,9,900
9,12,9,12,9,9,903
3,4,0,3,7,9,904
9,12,10,12,10,9,922
9,7,10,6,10,9,925
9,3,10,10,12,9,933
10,7,10,10,9,9,937
12,15,12,13,12,9,941
12,15,13,12,12,9,943
9,3,9,3,15,9,946
9,12,10,13,6,9,948
6,3,10,13,7,9,950
9,10,9,6,9,9,954
6,7,9,6,6,9,955
6,5,10,4,9,9,960
9,0,9,9,9,9,965
9,11,9,9,12,9,978
6,4,9,6,9,9,979
15,4,10,6,10,9,985
6,6,10,13,7,9,999
14,11,14,4,11,10,1000
3,11,11,4,11,10,1003
6,5,10,3,7,10,1004
9,7,13,14,4,10,1005
10,3,10,13,7,10,1014
7,12,8,14,8,10,1020
9,11,10,12,9,10,1024
11,8,11,14,11,10,1027
12,12,10,13,13,10,1032
3,7,10,1,10,10,1038
10,12,11,10,7,10,1043
12,3,13,13,10,10,1044
3,4,10,4,7,10,1066
6,7,10,4,10,10,1068
10,11,10,13,9,10,1074
10,10,10,7,10,10,1076
6,6,10,14,8,10,1086
9,7,13,7,13,10,1088
13,7,13,4,13,10,1093
10,11,10,13,10,10,1099
11,8,11,8,11,11,1100
6,11,14,14,8,11,1105
11,7,14,11,11,11,1108
11,7,14,8,11,11,1114
11,7,11,14,11,11,1115
11,12,11,14,11,11,1118
14,8,14,2,11,11,1122
11,11,14,8,11,11,1124
11,8,14,14,11,11,1128
14,7,11,14,13,11,1134
14,12,14,14,11,11,1144
14,11,14,14,11,11,1150
11,7,14,8,11,11,1154
14,11,14,14,11,11,1155
14,11,11,14,11,11,1156
11,11,11,14,10,11,1172
14,11,14,14,14,11,1183
8,8,8,8,8,11,1185
9,0,13,14,10,11,1192
10,12,11,14,8,11,1197
15,11,13,12,9,12,1204
6,12,13,13,10,12,1208
9,3,12,12,9,12,1214
9,12,9,12,9,12,1219
9,10,12,9,12,12,1234
9,6,9,9,12,12,1239
12,12,12,12,12,12,1245
12,13,12,12,12,12,1250
12,7,12,12,12,12,1251
9,12,9,9,12,12,1252
9,11,12,9,12,12,1254
12,12,12,12,12,12,1255
12,12,13,13,12,12,1256
9,3,12,3,12,12,1261
9,7,9,12,9,12,1269
12,12,12,13,12,12,1273
9,8,10,4,13,12,1287
14,11,14,4,14,12,1288
9,9,9,12,12,12,1297
9,12,9,13,9,12,1299
14,7,13,13,14,13,1300
12,8,13,4,11,13,1301
14,2,14,1,11,13,1302
14,14,14,14,11,13,1308
13,12,13,13,13,13,1313
13,7,13,13,10,13,1314
12,12,13,13,12,13,1316
12,12,13,13,13,13,1331
12,12,13,13,13,13,1332
12,3,13,13,12,13,1335
11,12,11,14,8,13,1341
13,12,13,13,13,13,1348
12,12,13,13,12,13,1349
13,13,14,13,13,13,1353
12,11,13,13,13,13,1368
14,14,14,4,13,13,1377
9,8,10,4,14,13,1384
12,11,13,13,14,13,1387
14,7,14,14,14,13,1389
12,12,13,13,13,13,1399
14,14,14,14,14,14,1402
11,4,11,8,8,14,1406
14,11,14,4,11,14,1407
14,14,14,14,14,14,1410
14,3,14,1,14,14,1415
14,11,11,14,11,14,1426
14,11,14,14,8,14,1427
14,5,14,14,11,14,1428
14,12,14,13,14,14,1446
14,13,14,14,14,14,1453
14,14,14,14,14,14,1457
14,0,14,14,11,14,1468
14,13,14,13,13,14,1476
14,12,14,14,14,14,1481
14,11,11,14,14,14,1484
14,14,14,11,14,14,1485
14,7,14,14,14,14,1490
14,14,14,7,14,14,1492
14,14,14,13,14,14,1493
14,12,14,14,14,14,1499
15,12,9,15,12,15,1503
15,12,9,12,9,15,1508
15,15,15,15,15,15,1513
15,15,15,15,15,15,1517
15,12,12,15,15,15,1521
15,15,15,15,15,15,1526
15,3,9,15,15,15,1536
15,3,12,15,15,15,1539
15,12,15,15,15,15,1548
15,12,15,15,15,15,1551
15,0,15,15,15,15,1564
15,0,15,15,15,15,1565
15,15,15,15,15,15,1568
15,12,15,15,15,15,1574
15,15,15,15,15,15,1579
15,12,12,15,12,15,1580
15,3,12,12,12,15,1581
15,15,12,15,15,15,1587
9,12,9,12,15,15,1590
15,15,9,15,15,15,1596
4,4,4,0,4,0,5
10,3,0,4,8,0,6
1,7,0,0,0,0,11
0,0,0,0,0,0,13
0,0,0,3,0,0,19
4,3,0,7,4,0,22
10,10,9,10,6,0,33
0,4,9,4,9,0,38
4,0,0,3,0,0,41
0,0,0,0,3,0,44
0,0,0,0,3,0,47
0,0,0,0,0,0,50
0,1,0,0,0,0,53
0,1,0,1,0,0,58
0,0,0,0,6,0,77
3,3,0,3,7,0,82
12,4,0,3,7,0,83
3,7,3,3,4,0,86
4,5,4,1,7,0,88
4,1,0,1,0,0,94
1,1,1,5,1,1,101
4,4,0,4,1,1,105
1,1,1,1,1,1,107
4,0,1,1,1,1,116
1,0,1,7,1,1,117
5,1,2,2,2,1,123
4,11,1,1,7,1,139
1,2,1,1,1,1,142
1,1,1,1,1,1,153
1,1,1,1,1,1,156
1,0,1,1,1,1,158
1,1,1,1,1,1,159
1,0,1,1,1,1,163
1,1,1,1,0,1,172
2,8,5,5,8,1,182
8,4,1,5,5,1,184
5,3,1,1,8,1,187
1,1,1,1,1,1,192
2,1,1,1,1,1,195
1,1,1,1,1,1,197
2,2,2,2,2,2,201
2,2,2,2,2,2,207
2,1,2,2,2,2,211
2,2,2,2,2,2,214
2,2,2,2,2,2,231
2,2,2,2,2,2,241
2,2,2,2,2,2,246
2,1,5,2,5,2,249
2,1,2,8,2,2,251
2,2,2,2,2,2,252
2,1,2,2,2,2,253
2,5,2,2,2,2,255
2,1,2,2,2,2,257
2,1,2,2,2,2,262
2,1,2,2,2,2,264
2,2,2,2,2,2,265
2,1,2,2,5,2,271
2,1,2,2,2,2,282
2,5,5,5,2,2,283
2,2,2,2,2,2,291
7,3,0,7,7,3,302
6,5,3,0,3,3,328
10,10,9,7,9,3,337
3,3,3,3,6,3,338
3,12,0,0,3,3,343
7,13,3,6,6,3,348
3,3,0,0,3,3,355
6,6,3,3,0,3,358
0,5,0,0,9,3,360
7,7,9,0,3,3,364
3,0,0,0,0,3,365
3,4,9,0,3,3,370
0,3,0,0,3,3,371
7,4,3,0,0,3,379
6,3,0,3,3,3,386
9,3,6,3,9,3,388
7,6,0,0,0,3,390
3,9,0,3,0,3,394
4,10,0,3,7,3,395
12,12,9,15,6,3,396
7,4,0,0,4,4,403
8,4,1,2,5,4,408
4,8,4,4,1,4,414
4,0,0,0,1,4,423
4,4,4,4,4,4,428
7,8,10,4,10,4,429
1,3,10,1,10,4,434
5,11,5,8,7,4,442
4,8,1,4,4,4,443
5,4,4,4,0,4,444
5,5,1,5,4,4,445
4,4,4,1,4,4,456
4,4,4,4,1,4,458
4,4,0,4,0,4,461
4,3,1,7,1,4,464
4,7,4,4,4,4,465
4,3,1,4,1,4,472
7,8,7,4,3,4,478
7,10,4,0,7,4,486
4,4,0,4,0,4,490
5,2,1,2,2,5,504
5,2,5,5,2,5,506
8,8,5,5,5,5,507
5,2,1,11,2,5,508
2,2,2,8,2,5,509
5,7,2,8,2,5,521
5,8,5,5,5,5,545
2,2,5,2,5,5,547
5,4,5,5,5,5,558
5,4,5,2,5,5,559
5,4,5,5,5,5,565
5,4,8,8,8,5,570
8,8,8,5,8,5,572
5,4,5,5,5,5,577
2,4,5,5,8,5,581
5,5,5,1,5,5,582
8,7,4,4,5,5,583
5,7,8,5,8,5,588
2,4,1,2,5,5,590
8,8,1,5,5,5,595
3,9,0,0,0,6,605
6,14,9,0,6,6,615
9,6,6,13,3,6,618
6,4,3,3,6,6,620
9,11,9,3,6,6,624
7,9,9,12,6,6,625
12,12,9,3,9,6,628
10,9,9,9,6,6,631
12,11,12,6,9,6,632
3,13,6,11,7,6,640
6,7,0,0,0,6,652
9,9,9,3,15,6,654
9,6,9,3,6,6,659
12,9,9,12,9,6,663
10,15,7,13,6,6,668
10,9,9,13,6,6,669
6,6,3,3,3,6,671
13,10,14,3,13,6,687
12,9,9,3,6,6,691
12,10,9,12,6,6,693
4,3,1,4,1,7,707
4,0,4,7,1,7,710
7,7,7,4,7,7,713
7,6,0,13,3,7,716
10,9,10,13,6,7,724
7,9,4,11,7,7,727
9,10,9,13,6,7,729
7,7,10,7,7,7,737
7,1,7,1,6,7,747
7,8,7,7,0,7,759
10,9,7,13,7,7,761
4,8,7,4,10,7,762
7,6,7,10,7,7,763
7,7,7,4,7,7,764
11,10,10,7,7,7,772
7,8,7,4,6,7,774
5,11,11,11,11,7,781
10,7,0,7,7,7,786
10,8,12,6,9,7,791
7,9,4,13,0,7,798
11,11,8,8,5,8,803
13,4,1,8,2,8,809
8,6,8,8,5,8,810
8,2,4,8,1,8,811
5,8,5,5,5,8,812
8,8,8,5,8,8,815
8,6,8,11,8,8,831
8,7,4,8,7,8,839
5,1,4,8,8,8,842
8,7,12,11,7,8,847
8,7,1,5,5,8,850
8,7,8,11,8,8,855
5,5,5,5,5,8,862
8,6,11,8,8,8,867
8,8,5,5,1,8,874
5,5,8,8,8,8,878
8,8,11,8,8,8,883
14,11,14,5,8,8,884
5,5,5,5,8,8,887
11,11,8,11,8,8,897
9,10,9,3,6,9,902
12,12,3,6,10,9,908
12,11,10,13,10,9,909
9,9,3,12,15,9,912
10,9,9,13,9,9,914
9,10,9,12,6,9,918
12,9,9,13,9,9,921
9,6,9,3,6,9,924
10,9,12,13,9,9,930
9,9,9,12,12,9,935
12,13,12,6,15,9,944
10,9,9,6,9,9,945
10,9,12,12,9,9,975
9,9,9,12,15,9,976
10,9,10,13,9,9,977
11,9,13,11,13,9,981
11,9,0,7,11,9,988
6,9,4,6,10,9,989
12,10,9,12,9,9,991
12,15,12,12,9,9,997
13,12,14,11,11,10,1009
13,14,10,13,10,10,1018
13,13,13,13,13,10,1030
13,10,10,7,10,10,1035
13,13,13,7,12,10,1037
10,9,10,13,12,10,1045
10,11,10,7,13,10,1053
11,10,13,14,13,10,1054
10,11,13,13,10,10,1058
10,10,10,7,7,10,1059
11,10,13,8,13,10,1075
11,8,11,11,10,10,1078
13,10,13,4,13,10,1079
11,11,11,4,11,10,1081
11,7,0,11,11,10,1083
11,13,4,11,11,10,1085
10,9,13,13,12,10,1090
4,12,10,13,7,10,1094
10,10,10,13,10,10,1096
10,9,7,12,10,10,1097
11,11,14,14,11,11,1117
14,13,8,14,8,11,1120
14,13,14,14,14,11,1131
14,7,14,1,13,11,1138
14,13,14,14,14,11,1140
14,14,14,11,14,11,1142
8,11,11,14,8,11,1147
11,11,11,11,11,11,1152
11,14,14,11,8,11,1153
11,11,13,11,11,11,1157
11,10,11,1,7,11,1160
11,13,14,11,11,11,1163
11,10,11,8,10,11,1165
5,11,8,8,8,11,1180
14,9,14,14,14,11,1181
11,11,8,11,8,11,1184
11,10,13,11,14,11,1188
8,11,13,8,11,11,1190
11,11,11,8,11,11,1193
11,9,14,14,11,11,1196
12,7,3,0,12,12,1200
9,10,3,13,6,12,1202
12,10,12,12,15,12,1210
12,13,12,12,12,12,1213
10,14,13,13,13,12,1222
12,11,12,13,12,12,1224
10,12,13,10,12,12,1230
12,10,12,13,9,12,1235
10,9,12,13,12,12,1236
13,13,14,13,13,12,1240
13,13,13,13,13,12,1241
12,11,12,12,12,12,1257
12,13,12,12,9,12,1258
12,12,12,12,12,12,1262
12,14,12,12,12,12,1263
12,9,12,13,9,12,1264
12,10,13,12,12,12,1271
13,11,12,12,12,12,1276
13,12,12,12,12,12,1294
12,12,12,12,12,12,1298
13,10,13,14,7,13,1305
10,9,13,13,12,13,1310
14,14,13,14,13,13,1311
13,13,13,13,10,13,1323
14,13,14,13,13,13,1328
13,13,13,13,13,13,1352
13,11,13,10,13,13,1354
13,11,13,13,13,13,1356
13,10,13,13,13,13,1359
13,14,13,4,13,13,1361
13,14,13,13,10,13,1363
13,13,13,13,13,13,1369
13,13,13,13,13,13,1370
13,11,13,13,13,13,1372
14,13,14,11,14,13,1381
13,9,10,13,10,13,1388
14,13,13,14,13,13,1390
13,13,13,13,13,13,1392
13,13,13,13,13,13,1397
14,12,14,14,13,13,1398
14,14,14,5,14,14,1401
14,11,14,8,14,14,1409
14,14,14,14,14,14,1416
14,13,14,14,14,14,1418
14,14,14,14,14,14,1434
14,13,14,14,14,14,1442
14,13,14,14,14,14,1443
14,13,14,14,13,14,1445
14,14,14,14,14,14,1451
14,13,14,11,14,14,1454
14,13,14,14,14,14,1455
14,13,14,14,14,14,1456
14,14,14,14,11,14,1465
14,11,14,11,14,14,1467
14,13,14,14,14,14,1471
14,11,14,14,14,14,1472
14,13,14,14,14,14,1477
14,13,14,14,14,14,1489
14,14,14,14,11,14,1494
14,13,14,14,14,14,1497
15,15,15,12,15,15,1500
9,9,9,13,9,15,1501
12,11,9,13,10,15,1506
15,9,15,15,15,15,1507
15,12,15,15,15,15,1511
15,13,15,15,15,15,1515
15,12,15,15,15,15,1516
15,14,3,3,15,15,1520
12,9,12,12,9,15,1532
6,3,9,6,15,15,1537
12,12,12,12,15,15,1540
15,12,15,15,12,15,1542
15,15,15,15,15,15,1547
15,15,15,15,0,15,1556
15,12,15,15,15,15,1557
15,13,15,15,15,15,1562
15,12,15,15,15,15,1563
15,9,15,15,15,15,1566
15,15,15,15,15,15,1571
15,15,15,15,15,15,1593
1,4,3,3,4,0,1
1,3,0,3,4,0,3
1,4,1,4,1,0,4
0,1,0,10,4,0,20
3,0,0,9,0,0,23
3,0,0,9,0,0,26
3,3,3,3,0,0,31
3,9,10,7,7,0,40
3,7,0,3,3,0,60
0,7,0,0,4,0,62
3,3,3,3,3,0,63
3,4,3,0,3,0,64
3,1,0,3,0,0,66
0,1,0,0,0,0,71
3,1,0,0,0,0,72
3,0,0,3,0,0,73
0,1,0,0,0,0,75
0,1,0,0,0,0,79
4,8,9,3,7,0,85
0,4,0,0,1,0,99
5,0,1,11,1,1,103
4,5,0,4,8,1,108
1,1,1,4,1,1,110
1,5,1,4,1,1,114
1,0,1,4,1,1,119
1,1,1,8,1,1,121
1,4,1,7,4,1,130
1,1,1,4,1,1,132
1,1,0,7,4,1,134
4,5,0,4,0,1,144
4,0,4,4,4,1,147
1,1,1,4,1,1,160
1,4,1,4,4,1,162
0,3,1,7,1,1,166
1,0,1,4,4,1,168
1,2,1,4,4,1,169
1,1,1,4,1,1,178
2,1,1,4,8,1,181
1,4,1,4,8,1,185
1,2,1,4,1,1,193
2,2,2,2,2,2,200
2,2,2,2,2,2,206
2,2,2,5,2,2,210
2,1,2,8,2,2,215
2,5,2,2,2,2,216
2,2,2,8,2,2,217
2,2,2,2,2,2,220
2,2,2,5,2,2,221
5,4,1,4,1,2,224
2,8,5,2,2,2,236
2,2,2,5,2,2,244
2,1,2,5,2,2,250
2,2,2,2,2,2,254
2,5,5,5,5,2,256
2,1,2,2,2,2,266
2,2,2,5,5,2,276
2,5,2,8,2,2,285
2,2,2,5,2,2,287
2,2,2,2,2,2,293
2,2,2,2,2,2,294
1,3,3,10,4,3,306
3,8,0,3,0,3,311
3,8,0,3,0,3,312
3,3,0,3,0,3,315
3,3,3,9,0,3,316
3,3,0,3,3,3,326
3,3,3,7,3,3,333
4,6,13,8,11,3,341
3,0,0,3,0,3,350
3,3,9,3,3,3,352
6,8,9,3,0,3,359
6,6,12,3,6,3,367
15,3,9,9,6,3,368
3,0,3,3,6,3,373
3,3,0,15,15,3,375
3,1,9,0,15,3,377
3,4,3,3,10,3,382
3,4,0,9,0,3,392
3,3,9,3,0,3,393
3,3,3,3,0,3,398
1,1,1,4,1,4,401
1,4,1,3,2,4,409
4,4,4,7,1,4,415
4,3,7,10,5,4,418
1,1,0,4,0,4,424
4,1,0,4,7,4,425
4,8,7,4,7,4,433
7,7,10,11,10,4,436
4,7,10,4,4,4,450
7,6,4,4,1,4,451
4,5,1,5,1,4,453
4,4,0,4,4,4,459
3,7,7,7,4,4,462
4,4,1,4,4,4,471
1,4,9,0,8,4,481
1,8,3,4,8,4,489
4,4,3,4,0,4,491
0,4,0,9,0,4,492
4,4,7,3,8,4,497
4,8,7,3,4,4,498
2,8,1,5,8,5,500
2,1,1,4,5,5,501
5,8,5,8,2,5,517
5,8,5,8,2,5,518
1,2,1,5,8,5,523
5,8,4,8,5,5,524
2,4,1,8,8,5,532
5,4,4,8,8,5,534
8,4,10,8,8,5,535
8,8,11,8,8,5,539
8,8,1,2,8,5,540
2,1,1,8,1,5,544
2,0,2,8,2,5,550
5,7,11,8,5,5,551
2,5,2,2,2,5,552
2,2,5,2,5,5,560
2,0,5,5,5,5,568
5,4,1,8,1,5,575
5,4,1,4,11,5,585
2,1,5,8,2,5,597
7,8,0,10,0,6,602
3,11,12,3,10,6,608
3,15,3,9,4,6,609
6,8,9,9,6,6,612
6,9,12,12,6,6,613
6,6,9,9,6,6,614
6,4,3,9,3,6,623
3,3,3,9,3,6,627
7,7,3,4,3,6,629
6,11,12,9,9,6,630
9,7,12,9,9,6,635
12,12,13,11,13,6,641
6,6,9,9,6,6,647
6,6,12,9,6,6,656
3,7,9,7,3,6,660
6,7,12,7,6,6,665
9,12,9,9,6,6,670
6,7,9,10,10,6,680
3,10,3,9,7,6,688
6,6,9,12,6,6,695
1,4,0,4,7,7,701
1,4,1,4,1,7,704
0,7,1,7,4,7,708
3,7,3,10,0,7,711
4,8,7,7,4,7,719
7,11,10,13,7,7,733
7,10,10,7,10,7,735
6,7,9,10,6,7,736
6,6,3,12,0,7,746
6,3,12,13,9,7,749
3,7,10,7,7,7,752
4,3,7,4,4,7,754
7,3,10,4,7,7,755
7,11,10,7,6,7,757
7,7,10,4,7,7,768
9,11,10,10,10,7,769
7,0,7,10,3,7,775
8,7,10,11,8,7,780
1,3,3,10,8,7,787
7,9,10,10,7,7,794
8,8,8,8,5,8,814
10,9,0,11,4,8,821
2,5,5,8,5,8,827
5,4,1,8,8,8,829
8,7,11,8,11,8,836
8,11,11,8,11,8,837
5,1,1,8,5,8,843
5,8,10,8,8,8,845
7,7,11,8,8,8,853
2,7,11,8,8,8,860
5,7,11,8,8,8,861
5,7,8,8,8,8,865
5,7,5,8,8,8,866
5,8,11,5,8,8,868
5,8,11,8,8,8,876
5,7,13,8,11,8,880
2,8,14,8,11,8,882
5,3,8,8,5,8,888
5,8,4,8,8,8,896
8,8,11,11,8,8,899
1,4,12,9,0,9,907
9,9,12,12,9,9,916
9,15,12,12,9,9,919
7,10,10,13,7,9,920
9,10,12,9,12,9,932
6,6,9,9,6,9,934
0,4,15,0,15,9,938
9,7,12,9,9,9,939
6,6,9,12,15,9,949
9,9,12,9,12,9,951
9,6,12,9,9,9,957
6,6,12,12,6,9,961
6,3,9,12,9,9,962
6,7,0,3,6,9,967
15,3,9,9,15,9,969
7,9,13,11,11,9,980
9,6,12,9,9,9,990
6,15,9,12,6,9,994
6,8,9,3,6,9,995
6,8,9,9,0,9,998
7,7,10,10,7,10,1001
3,9,9,10,7,10,1002
7,9,7,9,0,10,1007
7,6,12,10,3,10,1010
9,10,10,13,7,10,1016
7,7,10,10,10,10,1025
12,13,12,13,12,10,1026
7,6,10,7,10,10,1031
12,7,12,12,12,10,1036
10,7,12,7,10,10,1039
10,14,13,13,11,10,1040
10,6,13,14,13,10,1041
12,6,12,13,12,10,1048
9,10,10,10,9,10,1050
10,7,12,10,10,10,1060
12,11,12,10,13,10,1062
7,10,10,10,10,10,1072
7,7,12,11,13,10,1080
7,9,6,10,10,10,1087
10,11,13,13,13,10,1098
7,7,13,10,11,11,1104
7,7,11,11,11,11,1110
11,11,11,11,10,11,1111
7,11,10,8,11,11,1112
7,6,0,11,11,11,1121
11,11,14,8,11,11,1129
10,8,13,8,11,11,1139
11,7,11,11,13,11,1143
8,7,11,8,11,11,1145
11,7,14,11,13,11,1148
10,11,14,11,14,11,1149
10,7,13,11,11,11,1167
10,11,14,8,14,11,1169
11,11,11,11,11,11,1170
8,10,11,11,13,11,1174
10,10,14,10,11,11,1178
8,11,10,8,10,11,1179
2,12,1,8,8,11,1182
5,5,14,4,11,11,1187
10,11,13,11,11,11,1191
10,15,12,13,7,12,1205
3,3,12,9,10,12,1206
10,9,13,13,7,12,1209
9,12,12,12,15,12,1217
12,8,3,12,12,12,1220
9,11,12,9,12,12,1225
15,6,12,12,12,12,1232
12,11,12,13,12,12,1243
9,10,12,10,12,12,1244
15,10,12,12,15,12,1248
15,10,12,12,15,12,1249
9,10,12,12,12,12,1253
9,9,12,9,9,12,1267
9,12,12,12,12,12,1274
12,12,12,12,12,12,1279
7,6,13,11,11,12,1281
10,11,13,10,13,12,1283
10,7,12,9,13,12,1285
12,10,12,9,13,12,1289
12,9,15,9,12,12,1292
9,11,13,3,13,13,1303
10,3,13,13,10,13,1309
10,10,13,13,12,13,1317
12,12,13,9,10,13,1321
10,11,14,10,11,13,1327
12,6,13,10,13,13,1330
10,10,13,9,13,13,1333
10,12,13,9,13,13,1338
10,12,14,13,13,13,1342
10,11,13,10,13,13,1346
10,10,13,10,13,13,1350
10,14,13,13,12,13,1357
10,11,14,10,13,13,1358
10,11,13,7,13,13,1364
9,13,13,10,13,13,1374
9,11,13,9,13,13,1376
12,13,13,12,12,13,1379
13,10,13,10,14,13,1383
13,13,13,13,14,13,1386
12,10,12,13,12,13,1391
14,3,13,13,11,14,1404
11,6,14,11,8,14,1420
14,14,14,14,14,14,1423
10,14,14,11,13,14,1433
10,14,14,14,14,14,1435
13,13,14,11,14,14,1436
13,10,14,14,14,14,1439
11,10,14,8,14,14,1440
11,13,14,14,14,14,1441
11,11,14,11,13,14,1448
11,11,14,13,14,14,1458
13,13,14,14,14,14,1459
11,11,14,11,14,14,1462
10,11,14,11,14,14,1464
13,14,14,8,14,14,1466
10,13,14,11,14,14,1469
11,14,14,11,14,14,1470
2,14,14,11,14,14,1480
11,14,14,11,14,14,1495
13,14,14,13,13,14,1498
15,3,3,9,3,15,1504
15,15,15,15,15,15,1510
15,6,15,15,15,15,1519
15,12,15,15,15,15,1523
15,15,15,15,15,15,1524
15,9,15,15,15,15,1528
15,15,15,15,15,15,1533
15,6,15,15,15,15,1543
15,9,15,15,15,15,1549
15,6,15,15,15,15,1550
15,15,15,15,15,15,1559
15,15,15,15,15,15,1570
15,12,15,15,15,15,1575
15,15,15,15,15,15,1576
15,10,12,12,12,15,1582
6,7,12,9,9,15,1583
15,9,15,15,15,15,1585
15,12,12,12,12,15,1589
6,7,3,9,6,15,1591
15,15,15,15,15,15,1598
3,1,3,7,3,0,2
0,0,0,0,0,0,12
0,3,0,6,0,0,16
3,3,0,3,0,0,17
3,0,3,0,3,0,24
0,0,0,0,3,0,29
0,3,0,0,6,0,36
3,3,3,0,6,0,37
3,4,0,6,6,0,48
3,5,3,3,3,0,55
0,0,0,6,0,0,57
0,1,0,0,0,0,65
3,3,3,3,3,0,67
3,4,3,6,3,0,68
3,5,3,3,3,0,70
0,1,0,0,3,0,76
0,4,0,1,7,0,80
7,8,7,0,0,0,91
0,4,3,0,0,0,95
1,4,3,0,0,0,96
4,1,0,1,4,1,100
0,1,3,1,1,1,102
1,1,1,1,1,1,113
1,5,4,4,1,1,115
1,1,1,4,1,1,120
0,2,0,4,7,1,128
4,4,4,7,4,1,133
1,1,0,4,7,1,136
1,4,1,1,0,1,138
2,1,1,2,5,1,140
1,5,4,1,4,1,149
2,2,1,1,2,1,150
4,1,1,1,1,1,154
1,1,1,1,4,1,161
4,1,1,4,1,1,167
1,2,1,1,1,1,177
1,2,1,1,1,1,179
2,2,14,5,8,1,183
1,1,1,1,8,1,189
4,1,4,4,0,1,190
2,5,1,2,2,2,208
2,2,5,2,2,2,212
2,5,5,2,2,2,219
2,1,2,2,2,2,222
2,2,2,2,5,2,229
2,1,2,2,2,2,230
2,5,2,2,2,2,232
2,8,1,5,1,2,247
2,2,2,2,2,2,258
2,1,8,2,2,2,260
2,5,5,5,5,2,263
2,5,1,8,2,2,267
2,1,1,5,2,2,268
5,8,8,8,5,2,269
2,2,2,2,5,2,272
2,2,2,2,2,2,277
2,1,2,2,2,2,281
2,1,2,2,2,2,286
2,2,2,2,2,2,288
2,1,5,2,2,2,290
0,6,0,0,7,3,303
0,7,3,3,0,3,313
3,8,3,6,0,3,314
7,4,3,13,4,3,320
7,11,6,10,7,3,330
6,11,12,6,6,3,335
3,4,6,7,13,3,340
0,4,0,0,3,3,342
7,12,3,6,6,3,345
3,3,9,3,6,3,351
3,8,6,6,6,3,353
3,0,6,6,0,3,354
6,10,9,6,6,3,356
0,0,7,7,3,3,363
3,5,6,3,6,3,366
6,13,7,6,6,3,369
7,7,10,7,8,3,383
0,4,4,12,4,3,384
7,11,10,3,11,3,385
0,8,0,0,0,3,399
1,1,0,4,1,4,404
5,1,1,4,1,4,405
1,1,1,7,1,4,407
8,8,8,5,4,4,430
7,7,7,7,7,4,435
7,9,10,7,10,4,437
7,8,7,7,7,4,439
4,8,10,8,8,4,440
0,0,1,4,1,4,446
4,5,7,4,0,4,447
1,0,1,1,1,4,449
7,8,7,7,8,4,460
1,5,4,4,4,4,463
4,5,1,4,1,4,467
7,8,10,7,7,4,468
4,3,1,4,0,4,470
4,5,4,4,0,4,473
1,1,4,1,0,4,479
3,4,12,5,11,4,483
7,6,7,4,4,4,495
5,1,1,8,2,5,505
5,5,8,2,2,5,511
5,0,1,5,2,5,520
5,1,11,11,8,5,522
5,4,8,8,1,5,527
2,5,5,2,5,5,530
5,11,8,5,8,5,536
8,8,8,8,8,5,537
5,5,1,8,5,5,553
5,8,5,5,5,5,555
8,8,8,8,5,5,562
5,8,5,8,5,5,563
2,2,2,2,2,5,566
5,5,10,8,8,5,571
2,0,1,2,1,5,573
5,4,1,8,4,5,576
5,5,5,5,1,5,578
8,8,11,8,8,5,584
5,3,1,8,11,5,586
5,8,8,8,5,5,589
7,9,1,7,7,6,600
10,15,11,11,0,6,601
3,7,3,3,3,6,603
6,9,9,12,3,6,611
6,9,3,12,3,6,617
9,12,9,12,9,6,633
12,12,12,12,12,6,636
6,3,9,9,15,6,642
7,7,7,7,9,6,643
3,6,3,6,0,6,650
3,9,3,3,6,6,661
6,11,9,6,6,6,662
6,9,9,6,6,6,672
15,8,3,6,15,6,673
6,4,9,6,3,6,678
6,6,3,6,7,6,683
3,9,3,12,9,6,686
3,6,13,0,13,6,689
9,15,3,12,3,6,692
6,12,3,12,3,6,697
8,13,3,7,8,7,706
7,6,7,10,4,7,715
7,8,7,7,4,7,717
8,12,8,8,5,7,720
1,6,1,8,4,7,722
7,8,3,0,3,7,725
7,6,4,13,4,7,726
7,9,7,7,7,7,732
7,3,7,10,0,7,742
7,3,7,7,0,7,744
7,9,6,7,0,7,745
7,8,7,7,9,7,748
3,3,7,7,9,7,750
7,11,10,7,4,7,756
4,3,4,7,0,7,766
10,11,12,10,10,7,773
7,9,7,7,0,7,778
4,6,10,4,11,7,784
10,9,10,10,10,7,790
10,12,3,10,7,7,797
8,8,8,8,5,8,801
8,8,7,8,5,8,807
8,4,8,5,5,8,813
8,11,8,11,5,8,818
8,9,8,14,5,8,819
8,13,14,8,11,8,824
8,1,11,5,8,8,825
8,6,11,11,7,8,833
2,5,2,2,2,8,840
8,5,7,5,8,8,849
8,4,8,8,5,8,851
8,10,8,8,8,8,857
8,11,11,8,8,8,859
8,11,11,8,11,8,870
8,8,11,8,8,8,872
8,8,8,5,7,8,873
11,14,14,8,14,8,881
7,9,4,14,8,8,886
5,8,1,5,5,8,895
8,8,8,8,5,8,898
6,10,10,9,10,9,901
12,13,0,13,0,9,905
9,12,9,12,9,9,911
9,12,9,12,9,9,923
9,9,9,12,12,9,926
10,13,9,7,10,9,927
9,9,9,15,15,9,931
9,12,9,9,12,9,936
13,13,13,10,13,9,940
10,13,13,12,12,9,942
12,12,12,12,9,9,956
9,13,9,12,6,9,958
12,13,12,12,6,9,959
6,4,3,6,15,9,966
6,9,9,6,9,9,970
12,15,9,12,9,9,972
11,13,13,7,11,9,983
13,10,13,7,13,9,984
15,13,9,12,9,9,992
9,6,9,15,6,9,996
10,11,10,7,7,10,1012
10,11,10,10,10,10,1013
10,12,10,12,10,10,1015
10,11,10,10,7,10,1017
11,11,11,13,11,10,1021
13,12,12,13,10,10,1023
7,7,9,7,10,10,1028
10,11,10,7,10,10,1033
10,13,10,7,12,10,1047
10,11,10,10,10,10,1051
11,12,11,10,10,10,1055
7,8,10,7,10,10,1061
10,11,12,9,9,10,1063
7,10,10,7,9,10,1065
10,11,10,10,10,10,1067
7,10,10,7,9,10,1073
10,10,10,10,12,10,1077
13,13,13,10,14,10,1084
13,13,13,13,13,10,1089
7,13,9,13,9,10,1091
11,11,11,11,11,11,1101
8,11,10,5,8,11,1103
8,11,10,14,5,11,1106
11,1,10,8,8,11,1107
11,9,13,11,8,11,1109
11,13,14,11,11,11,1113
11,11,14,14,11,11,1116
11,11,11,14,8,11,1119
11,14,14,11,14,11,1132
11,11,11,11,13,11,1133
11,11,11,11,8,11,1146
11,11,11,14,11,11,1151
11,11,11,8,11,11,1159
11,13,14,14,11,11,1162
11,11,11,8,13,11,1166
11,11,11,11,11,11,1175
11,11,11,14,13,11,1176
7,13,14,14,11,11,1189
10,13,0,14,11,11,1195
11,13,11,14,11,11,1198
13,11,13,10,13,12,1201
3,13,12,7,12,12,1203
10,13,10,13,7,12,1207
12,13,12,12,12,12,1211
9,12,9,12,15,12,1215
9,12,9,12,9,12,1216
9,12,9,12,12,12,1218
13,14,13,10,13,12,1221
12,13,12,12,12,12,1228
10,13,12,13,12,12,1229
9,3,15,9,12,12,1237
10,13,12,10,12,12,1238
12,13,12,12,12,12,1246
12,12,12,12,12,12,1259
12,9,12,12,12,12,1260
13,13,13,12,13,12,1272
12,14,12,15,13,12,1282
12,13,13,6,13,12,1284
13,6,13,10,13,12,1286
12,12,9,12,9,12,1296
13,13,13,12,8,13,1307
13,14,13,10,13,13,1312
13,13,13,12,12,13,1319
11,11,14,11,11,13,1325
13,12,13,10,13,13,1336
13,13,13,9,13,13,1337
13,13,13,12,13,13,1339
13,14,14,14,11,13,1340
13,13,13,13,13,13,1343
13,14,13,10,13,13,1351
10,13,13,13,10,13,1355
11,14,14,11,14,13,1360
10,11,13,10,13,13,1362
13,13,13,13,10,13,1365
13,13,13,10,10,13,1366
13,13,13,13,13,13,1375
13,13,13,13,12,13,1378
11,13,14,8,14,13,1380
10,9,13,7,13,13,1385
13,14,13,9,13,13,1396
14,14,14,14,14,14,1400
8,8,11,5,8,14,1405
11,3,14,8,11,14,1408
14,14,14,14,14,14,1411
11,14,14,14,14,14,1414
14,14,14,14,14,14,1421
11,13,14,14,11,14,1422
13,14,14,14,11,14,1424
14,13,14,14,11,14,1425
14,13,14,8,14,14,1430
14,14,14,14,14,14,1431
14,14,14,14,14,14,1437
13,13,14,14,14,14,1444
11,11,14,14,14,14,1447
11,13,14,14,14,14,1449
11,13,14,8,14,14,1452
14,14,14,14,14,14,1461
14,14,14,14,14,14,1479
14,14,14,14,14,14,1483
14,14,14,11,14,14,1491
9,13,12,12,12,15,1502
15,14,15,15,15,15,1525
15,15,15,15,15,15,1527
15,15,15,15,15,15,1529
9,9,9,15,9,15,1530
6,9,9,12,9,15,1534
15,9,15,15,15,15,1541
15,15,15,15,15,15,1544
15,15,15,15,15,15,1545
15,15,15,15,15,15,1546
15,12,15,15,15,15,1555
15,9,15,15,0,15,1558
15,12,15,15,15,15,1572
15,15,15,15,15,15,1578
12,9,15,15,12,15,1584
12,9,12,15,12,15,1588
9,9,15,15,15,15,1592
15,9,15,15,15,15,1594
15,13,15,15,15,15,1595
15,15,15,15,15,15,1599
0,5,12,0,10,0,0
13,4,14,8,1,0,7
0,0,3,0,0,0,14
3,0,3,0,3,0,21
0,5,3,0,3,0,27
6,8,7,7,3,0,32
3,8,7,7,3,0,34
0,2,3,0,0,0,43
0,0,3,0,3,0,46
0,0,0,0,0,0,59
0,5,0,0,3,0,61
3,3,6,0,3,0,69
0,2,0,0,0,0,74
0,0,0,0,0,0,78
10,3,10,0,10,0,81
0,15,13,12,10,0,89
0,3,12,0,0,0,90
3,4,3,9,0,0,92
3,8,6,4,0,0,93
7,8,4,4,0,0,98
4,2,5,1,2,1,106
1,2,4,1,1,1,111
1,1,4,1,1,1,112
4,0,5,1,4,1,122
4,8,4,5,0,1,124
1,2,1,1,1,1,127
1,2,7,4,7,1,129
4,5,5,5,1,1,131
4,5,8,1,4,1,135
1,8,10,1,7,1,137
1,2,14,1,7,1,145
1,1,1,1,1,1,146
1,2,1,1,1,1,152
1,2,2,1,4,1,155
4,5,4,1,1,1,164
1,2,1,1,1,1,174
11,5,8,5,8,1,180
1,5,5,1,5,1,186
1,2,5,1,1,1,196
1,0,1,1,1,1,199
2,2,5,2,2,2,202
2,2,5,2,5,2,203
2,2,5,2,2,2,209
5,5,2,2,5,2,223
2,2,2,2,2,2,228
5,5,5,2,5,2,233
5,5,5,2,2,2,234
5,2,8,2,5,2,235
5,5,8,5,1,2,237
4,4,8,1,8,2,238
2,2,5,2,5,2,240
2,2,2,2,2,2,245
2,2,5,2,2,2,259
2,2,2,2,2,2,270
5,0,2,1,2,2,275
5,5,2,2,2,2,280
2,2,2,2,2,2,289
2,2,2,2,2,2,292
2,2,5,2,2,2,298
2,2,2,2,2,2,299
12,6,12,9,12,3,300
12,9,12,9,0,3,304
6,8,8,6,1,3,305
9,4,10,13,0,3,307
3,11,5,7,5,3,309
6,9,6,3,0,3,318
6,9,4,13,3,3,323
9,6,6,3,6,3,327
3,4,6,0,3,3,331
15,6,9,3,6,3,334
9,8,9,0,6,3,336
6,4,12,0,9,3,344
3,0,3,0,6,3,346
9,15,12,3,6,3,349
6,3,6,0,3,3,357
0,2,0,0,0,3,374
3,4,3,6,3,3,378
12,12,13,7,13,3,387
12,12,13,13,10,3,389
6,6,6,0,3,3,397
7,8,6,4,4,4,400
7,4,8,0,1,4,406
4,4,7,1,1,4,411
4,5,4,4,1,4,412
4,0,4,4,5,4,420
4,4,8,1,4,4,422
4,5,7,4,4,4,427
7,8,10,1,7,4,431
10,14,8,7,7,4,432
2,5,14,1,5,4,441
4,2,4,1,1,4,448
1,2,7,1,1,4,452
4,0,4,4,4,4,454
4,4,7,1,4,4,455
1,2,5,1,1,4,466
4,5,4,1,4,4,469
4,5,7,4,0,4,474
11,11,11,5,11,4,480
7,4,8,3,4,4,482
1,2,4,4,1,4,493
5,5,5,5,2,5,510
5,8,8,2,2,5,512
5,5,8,2,5,5,513
5,4,8,5,2,5,514
5,2,5,2,2,5,515
8,5,8,2,5,5,516
5,5,8,2,5,5,529
8,8,11,5,8,5,533
8,0,11,5,11,5,538
5,1,5,2,5,5,541
2,2,5,5,5,5,548
8,8,8,5,5,5,554
5,4,8,5,5,5,557
8,5,8,2,5,5,569
5,4,5,2,5,5,574
11,8,11,2,8,5,580
8,1,8,2,5,5,592
5,5,5,2,2,5,593
1,2,8,1,5,5,594
8,2,5,1,2,5,598
15,6,6,10,0,6,604
6,11,8,10,4,6,606
9,9,6,3,3,6,616
6,9,6,3,0,6,619
9,10,6,3,3,6,626
12,6,12,6,9,6,639
9,9,12,3,6,6,644
13,6,13,7,9,6,648
6,9,6,7,7,6,651
12,15,6,6,6,6,653
9,9,12,3,3,6,657
3,6,6,0,3,6,664
9,9,9,6,6,6,666
9,9,9,6,6,6,676
9,7,9,7,6,6,677
12,6,12,6,9,6,682
12,3,13,7,13,6,684
12,10,13,7,10,6,685
12,6,6,0,7,6,696
12,10,9,6,6,6,699
10,13,11,7,11,7,700
10,8,10,4,7,7,712
7,8,7,4,4,7,714
7,7,7,7,7,7,718
7,8,8,8,7,7,723
7,8,10,1,10,7,731
10,13,10,10,10,7,734
10,11,13,10,12,7,738
7,7,7,7,0,7,741
10,10,13,7,10,7,753
10,8,10,7,7,7,758
6,4,10,0,3,7,765
7,7,8,10,3,7,770
7,8,11,5,7,7,777
11,8,11,5,8,7,783
11,10,11,4,11,7,785
13,8,14,7,14,7,788
12,13,10,3,11,7,789
9,9,10,3,9,7,792
10,11,10,10,10,7,795
11,11,14,2,11,8,800
11,8,11,4,8,8,802
8,8,8,5,8,8,804
8,8,14,5,5,8,806
8,8,8,5,7,8,816
11,7,11,5,8,8,820
2,0,5,2,8,8,822
11,8,11,5,8,8,826
8,8,5,8,5,8,828
8,4,8,5,1,8,841
8,4,11,8,7,8,848
7,8,8,11,5,8,854
11,7,11,11,8,8,856
11,8,8,5,8,8,858
8,8,8,5,8,8,864
8,8,8,5,7,8,875
11,5,11,5,8,8,885
11,8,11,11,11,8,889
8,9,5,8,5,8,893
11,11,11,7,11,8,894
9,11,8,13,7,9,906
15,15,12,3,15,9,910
12,9,9,3,15,9,913
9,9,9,3,6,9,915
12,9,12,6,15,9,917
9,7,9,6,6,9,928
9,10,6,6,6,9,929
12,15,12,7,6,9,947
12,9,12,3,15,9,952
12,9,12,6,9,9,953
9,14,12,3,6,9,963
9,11,12,0,6,9,964
12,12,12,6,12,9,968
9,7,12,3,9,9,971
9,10,9,6,15,9,973
9,9,12,6,12,9,974
10,9,10,4,10,9,982
12,9,12,13,9,9,986
13,9,13,7,13,9,987
9,9,9,6,9,9,993
13,9,11,13,4,10,1006
11,4,11,4,8,10,1008
13,13,12,7,10,10,1011
10,12,10,13,12,10,1019
10,9,11,11,10,10,1022
12,13,13,13,12,10,1029
13,12,13,13,13,10,1034
10,12,13,10,10,10,1042
9,9,10,7,9,10,1046
13,15,13,13,12,10,1049
10,7,10,4,10,10,1052
10,11,12,10,10,10,1056
10,11,13,10,10,10,1057
10,13,13,7,10,10,1064
12,13,12,10,13,10,1069
13,14,13,13,13,10,1070
10,11,10,10,10,10,1071
11,9,14,7,11,10,1082
10,10,13,7,10,10,1092
12,9,10,7,9,10,1095
11,11,14,4,11,11,1102
11,11,11,11,11,11,1123
11,13,14,11,10,11,1125
11,14,14,14,11,11,1126
11,14,14,14,11,11,1127
11,12,14,11,14,11,1130
11,9,14,11,13,11,1135
11,11,14,11,11,11,1136
11,11,14,5,11,11,1137
11,9,14,10,11,11,1141
11,7,14,11,13,11,1158
11,11,14,11,11,11,1161
10,11,14,11,11,11,1164
11,13,14,14,11,11,1168
14,14,14,14,14,11,1171
11,11,14,11,11,11,1173
11,8,14,5,13,11,1177
14,8,14,11,11,11,1186
11,9,14,7,11,11,1194
11,13,14,14,11,11,1199
12,9,12,3,9,12,1212
12,13,12,10,12,12,1223
10,9,10,13,9,12,1226
12,12,12,12,9,12,1227
12,9,12,3,12,12,1231
9,7,12,3,9,12,1233
13,14,13,10,13,12,1242
12,13,12,6,12,12,1247
9,9,12,6,6,12,1265
12,13,12,6,9,12,1266
9,13,12,3,12,12,1268
12,13,12,12,12,12,1270
12,9,12,3,12,12,1275
12,14,12,12,12,12,1277
9,10,12,6,9,12,1278
11,9,14,7,13,12,1280
12,15,12,6,9,12,1290
9,7,15,0,15,12,1291
15,9,15,6,12,12,1293
12,15,12,9,12,12,1295
12,9,13,13,10,13,1304
13,11,14,13,11,13,1306
10,13,13,7,10,13,1315
13,13,13,9,13,13,1318
13,14,13,13,8,13,1320
13,13,14,13,13,13,1322
12,15,12,13,12,13,1324
13,14,14,13,11,13,1326
13,14,14,7,11,13,1329
13,12,13,7,13,13,1334
13,14,13,13,13,13,1344
13,12,13,13,12,13,1345
13,14,13,10,13,13,1347
13,12,13,13,13,13,1367
13,13,13,13,13,13,1371
13,13,13,10,13,13,1373
13,13,14,6,13,13,1382
10,13,12,13,13,13,1393
13,9,13,6,12,13,1394
13,13,13,7,13,13,1395
14,12,14,10,14,14,1403
11,14,14,11,14,14,1412
14,14,14,14,14,14,1413
14,14,14,14,13,14,1417
14,14,14,14,14,14,1419
14,14,14,14,11,14,1429
11,14,14,10,14,14,1432
14,14,14,7,14,14,1438
14,14,14,14,14,14,1450
14,14,14,8,14,14,1460
13,13,14,14,13,14,1463
14,14,14,14,14,14,1473
13,10,14,14,13,14,1474
14,14,14,14,14,14,1475
14,14,14,14,14,14,1478
14,14,14,14,14,14,1482
14,14,14,14,14,14,1486
13,10,14,8,14,14,1487
14,14,14,14,14,14,1488
14,14,14,14,14,14,1496
12,10,10,13,6,15,1505
10,9,11,10,7,15,1509
15,15,15,15,15,15,1512
15,15,15,15,15,15,1514
15,6,15,15,15,15,1518
15,14,15,15,15,15,1522
12,9,12,3,9,15,1531
15,15,15,15,15,15,1535
15,6,12,15,15,15,1538
15,13,15,15,15,15,1552
15,3,15,15,15,15,1553
15,15,15,15,15,15,1554
15,6,15,15,15,15,1560
15,15,15,15,15,15,1561
15,15,15,15,15,15,1567
15,15,15,15,15,15,1569
15,15,15,15,15,15,1573
15,15,15,15,15,15,1577
12,6,12,6,9,15,1586
15,12,15,15,15,15,1597
